Program,Testcase,Type,Iteration,Run,Time
bubble.c,99500,Random,0.5,2.0,5.97596168518061
bubble.c,99500,Reverse,0.0,2.0,5.57770729064936
bubble.c,99500,Sorted,0.0,2.0,5.10420799255366
insertion.c,99500,Random,0.5,2.0,5.313992500305121
insertion.c,99500,Reverse,0.0,2.0,4.80422973632808
insertion.c,99500,Sorted,0.0,2.0,6.10375404357908
selection.c,99500,Random,0.5,2.0,5.55992126464838
selection.c,99500,Reverse,0.0,2.0,5.593347549438421
selection.c,99500,Sorted,0.0,2.0,5.4034233093261
